{
    "bkcolor":"#FFFFFFFF",
    "playlist":"auto",
    "toolbar":"auto",
    "bkimage":
    {
        "enable":true,
        "path":"res/bk.png",
        "on_click_page":"http://www.baidu.com",
        "x":0,
        "y":0,
        "w":100,
        "h":100
    },
    "pauseimage":
    {
        "enable":true,
        "path":"res/bk.png",
        "on_click_page":"http://www.baidu.com",
        "x":0,
        "y":0,
        "w":100,
        "h":100
    },
    "osd":
    [
        {
            "enable":true,
            "name":"11111",
            "type":"picture",
            "path":"res/bk.png",
            "x":0,
            "y":0,
            "w":100,
            "h":100
        },
        {
            "enable":true,
            "name":"222",
            "type":"picture",
            "path":"res/bk.png",
            "x":0,
            "y":0,
            "w":100,
            "h":100
        },
        {
            "enable":true,
            "name":"333",
            "type":"text",
            "text":"1233994",
            "x":0,
            "y":0,
            "w":100,
            "h":100
        }
    ]
}